{"cameraMode":{"drawMode":0,"name":"Shaded","section":"Shading Mode"},"sceneLighting":true,"audioPlay":false,"sceneViewState":{"showFog":true,"showMaterialUpdate":false,"showSkybox":true,"showFlares":true,"showImageEffects":true,"showParticleSystems":true,"showVisualEffectGraphs":true,"m_FxEnabled":true},"in2DMode":false,"pivot":{"x":197.28941345214845,"y":161.2747802734375,"z":222.05923461914063},"rotation":{"x":0.04801226779818535,"y":0.9154373407363892,"z":-0.38273194432258608,"w":0.11484032869338989},"size":34.129756927490237,"orthographic":false}