{"cameraMode":{"drawMode":0,"name":"Shaded","section":"Shading Mode"},"sceneLighting":true,"audioPlay":false,"sceneViewState":{"showFog":true,"showMaterialUpdate":false,"showSkybox":true,"showFlares":true,"showImageEffects":true,"showParticleSystems":true,"showVisualEffectGraphs":true,"m_FxEnabled":true},"in2DMode":false,"pivot":{"x":-5.615603446960449,"y":24.590164184570314,"z":38.747520446777347},"rotation":{"x":-0.00010833363921847194,"y":-0.9961434602737427,"z":-0.08389187604188919,"w":-0.04282408952713013},"size":6.627382278442383,"orthographic":false}